index,name
1, Abbacchio
2, Acai powder
3, Anchovies
4, Anchovies in oil
5, Salted anchovies
6, Vinegar
7, Balsamic vinegar
8, Raspberry vinegar
9, Apple cider vinegar
10, Rice vinegar
11, Cider vinegar
12, White wine vinegar
13, Red wine vinegar
14, Water
15, Orange flower water
16, Rose water
17, Carbonated water
18, Tonic water
19, Aquafaba
20, Agar agar
21, Garlic
22, Chinese garlic
23, Fresh garlic
24, Garlic powder
25, Wild garlic
26, Red garlic
27, Lamb
28, Alaccia
29, Apricots
30, Dehydrated apricots
31, Apricots in syrup
32, Albums
33, Alchechengi
34, Alkermes
35, Pure alcohol
36, Chicken wings
37, Spirulina algae
38, Wakame seaweed
39, Kombu seaweed
40, Nori seaweed
41, Laurel
42, Amaranth
43, Black cherries
44, Sour cherries with syrup
45, Black cherries in syrup
46, Macaroons
47, Amaretto
48, Bitter
49, Corn starch
50, Maizena
51, Rice starch
52, Ammonia for sweets
53, Cashews
54, Pineapple
55, Pineapple in syrup
56, Duck
57, Sicilian Rings
58, Dill
59, Angostura
60, Anguilla
61, Anise powder
62, Black anise
63, Star anise
64, Veal sweetbreads
65, Aperol
66, Appenzeller
67, Peanuts
68, Roasted salted peanuts
69, Lobster
70, Oranges
71, Dried oranges
72, Candied orange
73, Edible silver
74, Smoked herring
75, Arista
76, Lemon flavour
77, Maraschino flavour
78, Rum flavour
79, Orange flavour
80, Almond flavour
81, Alkermes aroma
82, Mandarin aroma
83, Roast flavourings
84, Asiago
85, Asparagus
86, White asparagus
87, Sea asparagus
88, Wild asparagus
89, Lobster
90, Oats
91, Avocado
92, Cod
93, Desalted cod
94, Vanilla pod
95, Goji Berries
96, Juniper berries
97, Myrtle berries
98, Bacon
99, Baguette
100, Baileys
101, Bananas
102, Bananito
103, Friar's beard 
104, Beets
105, Pre-cooked beets
106, Barbera
107, Barolo
108, Basil
109, Berbere
110, Bergkäse
111, Bettelmatt
112, Oat drink
113, Almond drink
114, Beef steak
115, Bicarbonate
116, Beet
117, Beets
118, Biga
119, Cream puffs
120, Bigoli
121, Beer
122, Birra Blanche
123, Guinness beer
124, Amber beer
125, Non-alcoholic beer
126, Light beer
127, Red beer
128, Dark beer
129, Biscuits
130, Digestive Biscuits
131, Oreo Cookies
132, Oreo® Cookies
133, Pan di Stelle® biscuits
134, Cocoa biscuits
135, Gluten-free oat biscuits
136, Buckwheat biscuits
137, Wholemeal biscuits
138, Melighe biscuits
139, Dry biscuits
140, Dry chocolate biscuits
141, Wholemeal dry biscuits
142, Dry gluten-free biscuits
143, Novara biscuits
144, Bitto
145, Goat Blue
146, Blue Curaçao
147, Bonarda
148, Borage
149, Bottarga
150, Mullet bottarga
151, Tuna bottarga
152, Bourbon
153, Boursault
154, Pork chops
155, Brandy
156, Sea bass
157, Smoked sea bass
158, Bresaola
159, Brie
160, Brigand
161, Brioche
162, Broccoletti
163, Broccoli
164, Roman broccoli
165, Broth
166, Meat broth
167, Beef broth
168, Fish broth
169, Chicken broth
170, Vegetable broth
171, Bruscandoli
172, Bucatini
173, Chocolate pudding
174, Bulgur
175, Burrata
176, Butter
177, Clarified butter
178, Peanut butter
179, Cocoa butter
180, Coconut butter
181, Salted almond butter
182, Soy butter
183, Light butter
184, Salted butter
185, Lactose-free butter
186, Vegan butter
187, Bitter cocoa powder
188, Gluten-free bitter cocoa powder
189, Lactose-free bitter cocoa powder
190, Raw cocoa powder
191, Sweetened cocoa powder
192, Caccavelle
193, Cachaca
194, Persimmon
195, Caciocavallo
196, Caciocavallo silano
197, Roman Caciotta
198, Caciottina
199, Coffee
200, Instant ginseng coffee
201, Coffee powder
202, Instant coffee
203, Cajun
204, Calamarata
205, Calamari
206, Camembert
207, Campari
208, Candied fruit
209, Gluten-free candied fruit
210, Cinnamon powder
211, Cinnamon sticks
212, Egg cannelloni
213, Razor clams
214, Mantis Shrimp
215, Capellini
216, Scallops
217, Capocollo
218, Priest's hat
219, Capers
220, Pickled capers
221, Capers in oil
222, Capers in salt
223, Cappone
224, Instant cappuccino
225, Kid
226, Caprino
227, Roe deer
228, Licorice candy
229, Colored sugar candies
230, Caramel
231, Vegetable charcoal
232, Artichokes
233, Sweet artichokes
234, Artichokes in oil
235, Cardamom
236, Cardi
237, Beef
238, Pork
239, Sheep meat
240, Salted meat
241, Carrots
242, Baby carrots
243, Yellow carrots
244, Purple carrots
245, Rack of lamb
246, Pork loin
247, Rack of veal
248, Rice paper
249, Carvi
250, Casarecce
251, Casarecce with chickpeas
252, Casizolu
253, Chestnuts
254, Precooked chestnuts
255, Castelmagno
256, Catalonia
257, Horse
258, Corkscrew
259, Cavatelli
260, Brussels sprouts
261, Cauliflower
262, Green cauliflower
263, Red cabbages
264, Cabbage
265, Chinese cabbage
266, Black cabbage
267, Kale
268, Red cabbage
269, Dried black chickpeas
270, Pre-cooked chickpeas
271, Dried chickpeas
272, Cedar
273, Candied citron
274, Cellentani
275, Cepole
276, Chervil
277, Calf brain
278, Cucumbers
279, Pickled gherkins
280, Champagne
281, Chardonnay
282, Cheddar
283, Chevre
284, Coffee beans
285, red lentils
286, red lentils and chickpeas
287, red lentils and peas
288, Canned yellow corn kernels
289, Cloves
290, Ground cloves
291, Chorizo
292, Pods
293, Cannoli pods
294, Dried grass peas
295, Chicory
296, Cicorino
297, Cherries
298, Candied cherries
299, Cherries in syrup
300, Cherries in alcohol
301, Turnip greens
302, Boar
303, Cinta Senese
304, Chocolates
305, Chocolate
306, Milk chocolate
307, Milk chocolate 40%
308, White chocolate
309, White chocolate 35%
310, Dark chocolate
311, 50% dark chocolate
312, 55% dark chocolate
313, 55% gluten-free dark chocolate
314, 60% dark chocolate
315, 60-69% dark chocolate
316, 65% dark chocolate
317, 70% dark chocolate
318, 70% gluten-free dark chocolate
319, 75% dark chocolate
320, 85% dark chocolate
321, Gianduia chocolate
322, Ruby chocolate
323, Onions
324, White onions
325, Borettane onions
326, Golden onions
327, Dried onions
328, Copper onions
329, Red onions
330, Red onions from Tropea
331, Spring onions
332, Pickled onions
333, Onions
334, Red onions
335, Fresh spring onion
336, Clementines
337, Coconut
338, Dehydrated coconut
339, Rapè coconut
340, Watermelon
341, Oxtail
342, Monkfish
343, Codetta
344, Chocolate sprinkles
345, White sprinkles
346, Colored sprinkles
347, Cognac
348, Cointreau
349, Anchovy sauce
350, Food glue
351, Isinglass
352, Dove
353, Food colourings
354, Blueberry compote
355, Tomato concentrate
356, Conchiglioni
357, Sushi seasoning
358, Colored sweets
359, Orange jam
360, Apricot jam
361, Gluten-free apricot jam
362, Black cherry jam
363, Pineapple jam
364, Cherry jam
365, Fig jam
366, Strawberry jam
367, Berry jam
368, Red fruit jam
369, Raspberry jam
370, Pomegranate jam
371, Apple and orange jam
372, Blueberry jam
373, Cranberry jam
374, Blackberry jam
375, Peach jam
376, Plum jam
377, Currant jam
378, Ice cream cones
379, Rabbit
380, Beef sirloin
381, Chocolate cookies
382, Pork cup
383, Whitefish
384, Coriander
385, Coriander powder
386, Cornflakes
387, Rabbit legs
388, Chicken legs
389, Turkey legs
390, Leg of lamb
391, Pork ribs
392, Lamb chops
393, Veal chops
394, Cotechino
395, Pre-cooked Cotechino Modena
396, Pre-cooked Cotechino
397, Pork rind
398, Cooked figs
399, Couscous
400, Mussels
401, Crackers
402, Cranberry
403, Sauerkraut
404, Pre-cooked sauerkraut
405, Chestnut cream
406, Cream of chestnuts
407, Pistachio cream
408, Cherry tomato cream
409, Custard
410, Hazelnut spreadable cream
411, Cream of tartar
412, Cren or horseradish
413, Growth
414, Crustaceans
415, Croutons
416, Culatello
417, Cumin
418, Cumin powder
419, Artichoke hearts
420, Fresh turmeric
421, Turmeric powder
422, Curry
423, Red Thai curry
424, Green Thai curry
425, Dice
426, Daikon
427, Dashi
428, Dates
429, Food decoration
430, Pasta discs
431, Distillate
432, Gluten Free Fingerings
433, Fingers
434, Striped Ditaloni
435, Dolcetto
436, Tarragon
437, Edamame
438, Edamer
439, Haddock
440, Emmentaler
441, Emmentaler DOP
442, Entrecote
443, Chives
444, Aromatic herbs
445, Erbette
446, Almond essence
447, Mustard essence
448, Vanilla essence
449, Coffee extract
450, Almond extract
451, Vanilla extract
452, Beans
453, Precooked white beans
454, Dried white beans
455, Borlotti beans
456, Pre-cooked borlotti beans
457, Dried borlotti beans
458, Cannellini beans
459, Pre-cooked cannellini beans
460, Dried cannellini beans
461, Dried cowpeas
462, Spain beans
463, Pre-cooked black beans
464, Dried black beans
465, Precooked red beans
466, Dried red beans
467, Green beans
468, Flat green beans
469, Guinea Fowl
470, Butterflies
471, Integral Butterflies
472, Egg butterflies
473, Flour
474, Flour 0
475, 00 flour
476, Flour 1
477, Flour 2
478, Manitoba Flour
479, Kamut® flour
480, Amaranth flour
481, Oat flour
482, Hemp flour
483, Chestnut flour
484, Gluten-free chestnut flour
485, Chickpea flour
486, Coconut flour
487, Enkir flour
488, Spelled flour
489, Wholemeal spelled flour
490, Wheat flour
491, Burnt wheat flour
492, Durum wheat flour
493, Buckwheat flour
494, Gluten-free buckwheat flour
495, Lupine flour
496, Corn flour
497, White corn flour
498, Craved corn flour
499, White coveted corn flour
500, Corn flour and cereals for instant polenta
501, Fioretto corn flour
502, Cartoon corn flour
503, Yellow corn flour
504, Wholemeal corn flour
505, Wholemeal corn flour for instant polenta
506, Gluten-free corn flour
507, Almond flour
508, Hazelnut flour
509, Pistachio flour
510, Quinoa flour
511, Rice flour
512, Brown rice flour
513, Gluten-free rice flour
514, Venus rice flour
515, Rye flour
516, Carob seed flour
517, Tapioca flour
518, Teff flour
519, Wholemeal flour
520, Wholemeal millet flour
521, Instant flour for polenta
522, Instant flour for taragna polenta
523, Flour for chapatis
524, Gluten-free bread flour
525, Pinsa flour
526, Flour for taragna polenta
527, Spelled
528, Pearled spelled
529, Flaps
530, Broad beans
531, Tonka beans
532, Dried broad beans
533, Frozen broad beans
534, Potato starch
535, Gluten-free potato starch
536, Chicken livers
537, Chicken liver
538, Veal liver
539, Turkey breast
540, Veal rump
541, Feta
542, Beef slices
543, Veal slices
544, Fettuccine
545, Fettuccine 5 cereals and eggs
546, Egg fettuccine
547, Figs
548, Dried figs
549, Purple figs
550, Fenugreek
551, Grouper fillets
552, Hake fillets
553, Plaice fillets
554, Tuna fillets
555, Pork fillet
556, Beef fillet
557, Cod fillet
558, Salmon fillet
559, Veal fillet
560, Filini
561, Loaves of bread
562, Fennel
563, Wild fennel
564, Oat flakes
565, Cottage cheese
566, Salt flakes
567, Flower of salt
568, Fiordilatte
569, Lavender flowers
570, Courgette flowers
571, Sugar flowers
572, Edible flowers
573, Flowers in wafer
574, Lemon leaves
575, Vine leaves
576, Leaves in sugar paste
577, Fontal
578, Fontina
579, Cheese
580, Fossa cheese
581, Fresh cheese
582, Fresh chilli cheese
583, Fresh spreadable cheese
584, Light fresh spreadable cheese
585, Gluten-free fresh spreadable cheese
586, Lactose-free fresh spreadable cheese
587, Dairy cheese
588, Strawberries
589, Wild strawberries
590, Pork offal
591, Chicken offal
592, Fregola
593, Freselle
594, Friarielli
595, Friggitelli
596, Friselle
597, Fromage blanc
598, Frumina
599, Candied fruit
600, Dehydrated fruit
601, Fresh fruit
602, Fruttapec 1:1
603, Fruttapec 2:1
604, Passion fruits
605, Berries
606, Dehydrated berries
607, Caper fruits
608, Pickled caper fruits
609, Passion fruit
610, Fructose
611, Crastacean cartoon
612, Fish cartoon
613, Mushrooms
614, Button mushrooms
615, Honey mushrooms
616, Chanterelle mushrooms
617, Pleurotus
618, Pioppino mushrooms
619, Porcini mushrooms
620, Portobello mushrooms
621, Champignons
622, Dried mushrooms
623, Chicken drumsticks
624, Fusilli
625, Fusilli 5 cereals
626, Fusilli Bucati Corti
627, Wholemeal Fusilli
628, Gluten Free Fusilli
629, Red lentil fusilli
630, Fusilloni
631, Galletto
632, Hen
633, Gallinella
634, Shrimp
635, Prawns
636, Prawns
637, Stalks of spring onion
638, Garam Masala
639, Egg Garganelli
640, Gasous
641, Gelatin
642, Grape jelly
643, Gelatine sheets
644, Gluten-free gelatine sheets
645, Ice cream
646, Chocolate ice cream
647, Fiordilatte ice cream
648, Cream ice cream
649, Strawberry ice cream
650, Cream ice cream
651, Vanilla ice cream
652, Yogurt ice cream
653, Alpha alpha sprouts
654, Bamboo shoots
655, Beetroot sprouts
656, Watercress shoots
657, Soybeans
658, Walnut kernels
659, Ice
660, Gin
661, Juniper
662, Ginger beer
663, Balsamic vinegar glaze
664, Glycerin
665, Glucose
666, Wheat gluten
667, Sardinian dumplings
668, Potato dumplings
669, Potato gnocchi
670, Chocolate chips
671, White chocolate chips
672, Dark chocolate chips
673, Gluten-free dark chocolate chips
674, Golden syrup
675, Gorgonzola
676, Grana Padano DOP
677, Crab
678, Grand Marnier
679, Chocolate chips
680, Almond grains
681, Hazelnut grains
682, Gluten-free hazelnut grains
683, Walnut grains
684, Pistachio grains
685, Grain sugar
686, Kefir grains
687, Wheat
688, Cooked wheat
689, Wheat for pastiera
690, Grappa
691, Grissini
692, Gruyere
693, Gruyère DOP
694, Guacamole
695, Pork cheek
696, Pillow
697, Nestlé condensed milk
698, Belgian endive
699, Salad
700, Mixed salad
701, Mixed salad
702, Curly salad
703, Russian salad
704, Trocadero salad
705, Lamb offal
706, Isomalt
707, Jack Daniel's Barbecue Sauce
708, Ketchup
709, Kirsch
710, Kiwi
711, Kumquat
712, Olivia&Marino's shop
713, Lambrusco
714, Lampascioni
715, Raspberries
716, Dehydrated raspberries
717, Lampredotto
718, Langres
719, Lard
720, Lardo di Colonnata
721, Lasagna
722, Thin egg lasagna
723, Green Egg Lasagne
724, Egg lasagna
725, Curly lasagne
726, Milk
727, Condensed milk
728, Nestlé cocoa condensed milk
729, Coconut milk
730, Kefir milk
731, Almond milk
732, Gluten-free almond milk
733, Rice milk
734, Soy milk
735, Powdered milk
736, Whole milk
737, Partially skimmed milk
738, Skimmed milk
739, Lactose-free milk
740, Buttermilk
741, Lettuce
742, Iceberg lettuce
743, Lollo lettuce
744, Romaine lettuce
745, Lavender
746, Soy lecithin
747, Mixed legumes
748, Lemon curd
749, Lemongrass
750, Lentils
751, Pre-cooked lentils
752, Hulled red lentils
753, Dried lentils
754, Hare
755, Chemical baking powder
756, Fresh brewer's yeast
757, Gluten-free fresh brewer's yeast
758, Dry brewer's yeast
759, Gluten-free dry brewer's yeast
760, Wine yeast
761, Baking powder for cakes
762, Baking powder for gluten-free desserts
763, Instant yeast for savory preparations
764, Instant yeast for gluten-free savory preparations
765, Mother yeast
766, Liquid mother yeast
767, Lime
768, Lemonade
769, Limoncello
770, Candied lemon
771, Lemons
772, Salted tongue
773, Linguine
774, Gluten-free linguine
775, Licorice
776, Licorice powder
777, Liquor
778, Coffee liqueur
779, Anise liqueur
780, Orange liqueur
781, Herbal liqueur
782, Pork loin
783, Lorighittas
784, Luganega
785, Snails
786, Sea snails
787, Slugs
788, Lupins
789, Macarons
790, Maccheroncini al comb
791, Mace
792, Marjoram
793, Pig
794, Mayonnaise
795, Corn
796, Malt
797, Barley malt
798, Rice malt
799, Gluten-free rice malt
800, Mandarins
801, Candied mandarins
802, Almonds
803, Armelline almonds
804, Almond powder
805, Almond flakes
806, Peeled almonds
807, Mango
808, Beef
809, Maraschino
810, Vegetable margarine
811, Jam
812, Apricot jam
813, Orange marmalade
814, Strawberry jam
815, Raspberry jam
816, Chilli jam
817, Plum jam
818, Brown glaces
819, Marroni
820, Mars
821, Marsala
822, Egg Marsala
823, Marshmallow
824, Marzipan
825, Mascarpone
826, Food pencils
827, Prawns
828, Pomegranate
829, Aubergines
830, Black oval aubergines
831, Eggplant bead
832, Round aubergines
833, Molasses
834, Apples
835, Ambrosia apples
836, Quinces
837, Mele Evelina
838, Fuji Apples
839, Fujion Apples
840, Mele Gala
841, Golden Apples
842, Golden Delicious Apples
843, Granny Smith Apples
844, Red Delicious Apples
845, Mele Royal Gala
846, Stayman Apples
847, Mele chantecler
848, Red apples
849, Stark apples
850, Green apples
851, Melissa
852, Melon
853, Cantaloupe melon
854, Yellow winter melon
855, Mint
856, Dried mint
857, Mint
858, Meringues
859, Merluzzetti
860, Cod
861, Striped Half Sleeves
862, Mezze Penne Rigate
863, Wholemeal Mezze Penne Rigate
864, Mezzi Canneroni
865, Paccheri means
866, Marrow
867, Honey
868, Acacia honey
869, Orange honey
870, Chestnut honey
871, Strawberry tree honey
872, Heather honey
873, Linden honey
874, Thyme honey
875, Wildflower honey
876, Mile
877, Mini Butterflies
878, Mini Fusilli
879, Mini Penne Rigate
880, Mini Pipe Rigate
881, Mini Wheels
882, Mini Tortiglioni
883, Blueberries
884, Cranberries
885, Myrtle
886, Miso
887, Cereal mix
888, Mix of cereals and quinoa
889, Mix of gluten-free flours
890, Mix of dried/dried fruit
891, Pepper mix
892, Tandoori mix
893, Montasio
894, Monte Veronese
895, More
896, Mortadella
897, Mortadella with pistachios
898, Liver mortadella
899, Moscardini
900, Muscat
901, Bolognese mustard
902, Cremona mustard
903, Mantuan mustard
904, Mozzarella
905, Buffalo mozzarella
906, Cherry mozzarella
907, Muesli
908, Naruto
909, Hake
910, Nduja
911, Nebbiolo
912, Sepia ink
913, Medlar
914, Nesquik
915, Nesquik Squeeze
916, Hazelnuts
917, Whole hazelnuts
918, Whole peeled hazelnuts
919, Praline hazelnuts
920, Toasted hazelnuts
921, Coconut
922, Beef nut
923, Nutmeg
924, Walnuts
925, Pecans
926, Nodini
927, Noodles
928, Nutella
929, Nutella®
930, Oil
931, Coconut oil
932, Olive oil
933, Rice oil
934, Seed oil
935, Peanut seed oil
936, Sunflower seed oil
937, High oleic sunflower seed oil
938, Corn oil
939, Sesame oil
940, Extra virgin olive oil
941, Olives
942, Ascolane olives keep
943, Olives from Bari
944, Gaeta olives
945, Black olives
946, Greek black olives
947, Black olives in brine
948, Baked black olives
949, Nice black olives
950, Olive riviera
951, Taggiasca olives
952, Green olives
953, Green olives in brine
954, Ombrina
955, Bream
956, Orecchiette
957, Fresh Orecchiette
958, Oregano
959, Edible gold
960, Nettles
961, Barley
962, Pearl barley
963, Turkey shanks
964, Veal shanks
965, Ostia
966, Oysters
967, Eggs
968, Sugared eggs
969, Milk chocolate eggs
970, Dark chocolate eggs
971, Paccheri
972, Egg-flavoured straw and hay
973, Pajata
974, Pak choi
975, Palamita
976, Colored balls
977, Brioche bread
978, Loaf bread
979, Sponge cake
980, Pancarrè
981, Wholemeal Pancarrè
982, Bacon
983, Bacon stretched
984, Smoked bacon
985, Gluten-free smoked bacon
986, Rolled bacon
987, Sweet bacon
988, Fresh bacon
989, Pandoro
990, Bread
991, 3 spelled bread
992, Arabic bread
993, White bread in a tray
994, Carasau bread
995, Homemade bread
996, Spelled bread
997, Rye bread
998, Breadcrumbs
999, Guttiau bread
1000, Wholemeal bread
1001, Wholemeal bread in a tray
1002, Multi-grain wholemeal bread
1003, Long bread for sandwiches
1004, Black bread
1005, Black cereal bread
1006, Bread for sandwiches
1007, Stale bread
1008, Rustic bread
1009, Gluten-free bread
1010, Tuscan bread
1011, Panettoncini
1012, Panettone
1013, Breadcrumbs
1014, Gluten-free breadcrumbs
1015, Cereal sandwiches
1016, Hamburger buns
1017, Hot dog buns
1018, Spelled sandwiches
1019, Durum wheat sandwiches
1020, Wholemeal sandwiches
1021, Panko
1022, Sour cream
1023, Soya cream
1024, Liquid fresh cream
1025, Fresh cream without lactose
1026, Lactose-free vegetable cream
1027, Sweetened vegetable cream
1028, Pannerone
1029, Corn cob
1030, Corncobs
1031, Pre-cooked corn on the cob
1032, Papaya
1033, Pappardelle Ricce with egg
1034, Egg pappardelle
1035, Paprika
1036, Smoked Paprika
1037, Sweet paprika
1038, Spicy paprika
1039, Parmigiano Reggiano DOP
1040, Tomato puree
1041, Passito di Pantelleria
1042, Pasta
1043, Mixed Pasta
1044, Puff Pastry
1045, Shortcrust pastry
1046, Garlic paste
1047, Garlic and ginger paste
1048, Orange paste
1049, Curry paste
1050, Lemon paste
1051, Mandarin paste
1052, Almond paste
1053, Hazelnut paste
1054, Fish paste
1055, Pine nut paste
1056, Pistachio paste
1057, Salami paste
1058, Sugar paste
1059, Phyllo dough
1060, Fresh pasta
1061, Kataifi paste
1062, Bread dough
1063, Pizza dough
1064, Tandoori paste
1065, Parsnip
1066, Potatoes
1067, American potatoes
1068, White potatoes
1069, Sweet potatoes
1070, French fries
1071, New potatoes
1072, Ratte potatoes
1073, Red potatoes
1074, Purple potatoes
1075, Olive pâté
1076, Black olive pâté
1077, Pavesini
1078, Sheep
1079, Pecorino
1080, Pecorino di Fossa
1081, Pecorino romano
1082, Sardinian Pecorino
1083, Tuscan Pecorino
1084, Pectin
1085, Penne Rigate
1086, Organic Penne Rigate
1087, Gluten Free Penne Rigate
1088, Buckwheat penne
1089, Red lentil penne
1090, Pennette Rigate
1091, Wholemeal Pennette Rigate
1092, Pennette rigate 5 cereals
1093, Flagpoles
1094, Rifled flagpoles
1095, Pepe
1096, White pepper
1097, White peppercorns
1098, Cayenne Pepper
1099, Kampot Pepper
1100, Sarawak Pepper
1101, Sichuan pepper
1102, Jamaican pepper
1103, Peppercorns
1104, Mixed peppercorns
1105, Black pepper
1106, Black peppercorns
1107, Pink pepper
1108, Pink peppercorns
1109, Green pepper
1110, Green peppercorns
1111, Jalapeno peppers
1112, Hot peppers
1113, Spicy round chillies
1114, Chilli pepper
1115, Sweet chilli pepper
1116, Fresh chilli pepper
1117, Chilli powder
1118, Dried chili pepper
1119, Green chili pepper
1120, Sweet green chili pepper
1121, Spicy green chili pepper
1122, Peppers
1123, Cruschi peppers
1124, Sweet peppers
1125, Dried sweet peppers
1126, Friggitelli peppers
1127, Yellow peppers
1128, Red peppers
1129, Pickled peppers
1130, Peppers in oil
1131, Green peppers
1132, Cornet green peppers
1133, Candied pear
1134, Pears
1135, Pere Decana
1136, Pere Williams
1137, Pere abbot
1138, Pears thigh
1139, Kaiser pears
1140, Sugar beads
1141, Perch
1142, St. Peter's Fish
1143, Sea fish
1144, Swordfish
1145, Smoked swordfish
1146, Peaches
1147, Peaches Percoche
1148, White peaches
1149, Yellow peaches
1150, Nectarines
1151, Pesteda Valtellina
1152, Pesto alla Genovese
1153, Arugula pesto
1154, Duck breast
1155, Chicken breast
1156, Turkey breast
1157, Pezzogna
1158, Piadine
1159, Wholemeal piadinas
1160, Piadine without lard
1161, Pici
1162, Allspice
1163, Pine nuts
1164, Pipe Rigate
1165, Pre-cooked peas
1166, Dried peas
1167, Frozen peas
1168, Peas
1169, Pistachios
1170, Unsalted pistachios
1171, Toasted pistachios
1172, Salted toasted pistachios
1173, Pisto
1174, Pita
1175, Pizzas
1176, Platessa
1177, Polenta
1178, Instant polenta
1179, Pollen
1180, Chicken
1181, Crab meat
1182, Tomato pulp
1183, Octopus
1184, Octopus
1185, Tomatoes
1186, San Marzano tomatoes
1187, Ribbed tomatoes
1188, Ox heart tomatoes
1189, Peeled datterini tomatoes
1190, Pachino tomatoes
1191, Salad tomatoes
1192, Marinda tomatoes
1193, Peeled tomatoes
1194, Perini tomatoes
1195, Piccadilly tomatoes
1196, Pizzutelli tomatoes
1197, Copper tomatoes
1198, Sardinian tomatoes 
1199, Dried tomatoes
1200, Dried tomatoes in oil
1201, Dried tomatoes in oil
1202, Green tomatoes
1203, Cherry tomatoes
1204, Cherry tomatoes
1205, Datterini tomatoes
1206, Yellow cherry tomatoes
1207, Canned cherry tomatoes
1208, Perine tomatoes
1209, Dried tomatoes in oil
1210, Green tomatoes
1211, Grapefruits
1212, Pink grapefruits
1213, Porchetta
1214, Leeks
1215, Porto
1216, 1:1 jam mix
1217, Preparation for jams 3:1
1218, Preparation for decorations
1219, Parsley
1220, Primosale
1221, Ham
1222, Cooked ham
1223, Cooked ham with herbs
1224, Prague cooked ham
1225, Raw ham
1226, Prosecco
1227, Provola
1228, Smoked provola
1229, Provolone
1230, Spicy provolone
1231, Plums
1232, Dehydrated plums
1233, Dried plums
1234, Puccia Salento
1235, Puntarelle
1236, Quail
1237, Quartirolo Lombardo
1238, Quinoa
1239, Red quinoa
1240, Rhubarb
1241, Raclette
1242, Radiators
1243, Radicchio
1244, Monkfish
1245, Turnips
1246, Raschera DOP
1247, Raspadura
1248, Ravanelli
1249, Reblochon
1250, Reginette
1251, Currant
1252, Redcurrant
1253, Sea urchins
1254, Amberjack
1255, Ricotta
1256, Smoked ricotta
1257, Buffalo ricotta
1258, Goat's ricotta
1259, Sheep's ricotta
1260, Mixed ricotta
1261, Salted ricotta
1262, Vaccine ricotta
1263, Rigatoni
1264, Rice
1265, Arborio Rice
1266, Basmati rice
1267, Bomba Rice
1268, Carnaroli rice
1269, Ribe Rice
1270, Rice Rome
1271, Semolina rice
1272, Brown rice
1273, Venere black rice
1274, Nishiki rice
1275, Original rice
1276, Parboiled rice
1277, Sushi rice
1278, Rice pilaf
1279, Red rice
1280, Puffed rice
1281, Vialone nano rice
1282, Risoni
1283, Parmesan risotto
1284, Saffron risotto
1285, Robiola
1286, Rocoto
1287, Rhombus
1288, Roquefort
1289, Rose
1290, Sugar paste roses
1291, Rosemary
1292, Rossese di Dolceacqua
1293, Licorice wheel
1294, Rocket
1295, Rum
1296, White rum
1297, Sake
1298, Salami
1299, Neapolitan salami
1300, Spicy salami
1301, Salamella
1302, Salamella Mantovana
1303, Salt
1304, Smoked salt
1305, Himalayan salt
1306, Hawaiian Salt
1307, Maldon Salt
1308, Salt up
1309, Coarse salt
1310, Whole sea salt
1311, Salmon
1312, Smoked salmon
1313, Salmon in oil
1314, Tabasco® sauce
1315, Worcestershire Sauce
1316, Walnut sauce
1317, Barbecue sauce
1318, Cocktail sauce
1319, Mexican tomato sauce
1320, Tomato sauce
1321, Soy sauce
1322, Ketchup sauce
1323, Rubra sauce
1324, Teriyaki sauce
1325, Green sauce
1326, Sausage
1327, Bra sausage
1328, Salvia
1329, Sambuca
1330, Elderberry
1331, Santonego
1332, Savory
1333, Sardinia
1334, Salted sardines
1335, Sardella
1336, Sardines
1337, Sardines in oil
1338, Savoyards
1339, Gluten-free ladyfingers
1340, Sbrinz
1341, Sbrinz DOP
1342, Shallot
1343, Beef rump
1344, Scamorza
1345, Smoked scamorza
1346, Scampi
1347, Scarola
1348, Curly escarole
1349, Crushed Olivia&Marino's Shop
1350, Baked mashed potatoes
1351, Scialatielli
1352, Shimudin
1353, Strawberry syrup
1354, Mint syrup
1355, Maple syrup
1356, Agave syrup
1357, Black cherry syrup
1358, Elderflower syrup
1359, Glucose syrup
1360, Grenadine syrup
1361, Almond milk syrup
1362, Sugar syrup
1363, Redfish
1364, Orange peel
1365, Lime peel
1366, Lemon peel
1367, Mandarin peel
1368, Grapefruit peel
1369, Broad bean peels
1370, Scottona
1371, Sedani Rigati
1372, Sedanini Rigati
1373, Gluten-free Sedanini Rigati
1374, Celery
1375, White celery
1376, Celeriac
1377, Beech sawdust
1378, Seitan
1379, Rabbit saddle
1380, Anise seeds
1381, Chia seeds
1382, Coriander seeds
1383, Caraway seeds
1384, Fennel seeds
1385, Sunflower seeds
1386, Flaxseed
1387, Poppy Seeds
1388, Mustard seeds
1389, Sesame seeds
1390, Black sesame seeds
1391, Pumpkin seeds
1392, Mixed seeds
1393, Semolina
1394, Remilled durum wheat semolina
1395, Semolina
1396, Mustard
1397, Old-fashioned mustard
1398, White mustard powder
1399, Dijon mustard
1400, Sweet mustard
1401, Yellow mustard powder
1402, Cuttlefish
1403, Cuttlefish
1404, Sesame
1405, Baked tomato parades
1406, Parades with baked olives
1407, Olive pastries
1408, Crispy baked pastries
1409, Sheets for rolls
1410, Mackerel
1411, Mackerel in oil
1412, Shiso
1413, Cider
1414, Skuta
1415, Skyr
1416, Smarties
1417, Soda
1418, Sole
1419, Puffed soya
1420, Songino
1421, Soppressata
1422, Subtleties
1423, Beef underside
1424, Veal underside
1425, Chicken thighs
1426, Spaghetti
1427, Spaghetti 5 cereals
1428, Organic Spaghetti
1429, Wholemeal Spaghetti
1430, Square Spaghetti
1431, Spaghetti Rigati
1432, Gluten Free Spaghetti
1433, Spaghetti alla Chitarra with egg
1434, Rice noodles
1435, Soya spaghetti
1436, Spaghettini
1437, Wholemeal Spaghettini
1438, Spaghettoni
1439, Pork shoulder
1440, Speck
1441, Spices
1442, Spianatine with Scarriello cherry tomatoes
1443, Spinach
1444, Spinach
1445, Marriage
1446, Sparkling wine
1447, Squacquerone
1448, Gluten Free Stars
1449, Pork shank
1450, Stockfish
1451, Stracapra
1452, Stracchino
1453, Stracciatella
1454, Strega liqueur
1455, Strozzapreti
1456, Lard
1457, Orange juice
1458, Passion fruit juice
1459, Pineapple juice
1460, Cranberry juice
1461, Lime juice
1462, Lemon juice
1463, Mandarin juice
1464, Apple juice
1465, Cranberry juice
1466, Peach juice
1467, Grapefruit juice
1468, Tamarind juice
1469, Tomato sauce
1470, Surimi
1471, Plums
1472, Tabasco®
1473, Turkey
1474, Jackdaws
1475, Tacos
1476, Tagliatelle 5 cereals and eggs
1477, Larghe egg tagliatelle
1478, Gluten Free Tagliatelle
1479, Egg tagliatelle
1480, Rice noodles
1481, Egg tagliolini
1482, Tahina
1483, Taleggio
1484, Taralli
1485, Truffles
1486, Chocolate truffles
1487, Sea truffles
1488, Black truffles
1489, Truffle
1490, White truffle
1491, Black Truffle
1492, Tempeh
1493, Tequila
1494, White Tequila
1495, Tilsit
1496, Timo
1497, Thyme lemonade
1498, Tofu
1499, Toma
1500, Piedmontese Toma
1501, Tomini
1502, Tuna
1503, Smoked tuna
1504, Natural tuna
1505, Tuna in oil
1506, Jerusalem artichoke
1507, Berry topping
1508, Caramel topping
1509, Chocolate topping
1510, Strawberry topping
1511, Egg Torchietti
1512, Nougat
1513, White nougat
1514, Chocolate cake
1515, Tortellini
1516, Tortelloni
1517, Tortiglioni
1518, Wholemeal Tortiglioni
1519, Gluten Free Tortiglioni
1520, Tortilla chips
1521, Tortillas
1522, Flour Tortillas
1523, Corn Tortillas
1524, Totani
1525, Salmon steaks
1526, Trenette
1527, Trentingrana
1528, Mullet
1529, Triple sec
1530, Triple tomato concentrate
1531, Tripe
1532, Beef tripe
1533, Troccoli
1534, Fresh troccoli
1535, Trofie
1536, Trout
1537, Salmon trout
1538, Tubes
1539, Yolks
1540, Lemon leaf tea
1541, Green tea
1542, Matcha green tea
1543, Tête de Moine
1544, Tête de Moine DOP
1545, Eggs
1546, Lumpfish roe
1547, Quail eggs
1548, Salmon roe
1549, Boiled eggs
1550, White grapes
1551, Strawberry grapes
1552, Black grapes
1553, Raisins
1554, Sultanas
1555, Sultanas
1556, Raisin
1557, Malaga type raisins
1558, Vacherin Mont d'Or
1559, Valerian
1560, Valtellina Casera
1561, Vanilla
1562, Vanillin
1563, Vene cress
1564, Tuna belly
1565, Vermicelli
1566, Vermouth
1567, Vernaccia
1568, Verza
1569, Verzini
1570, Holy Wine
1571, Vincotto
1572, Wine
1573, White wine
1574, Dry white wine
1575, Cooked wine
1576, Rice wine
1577, Port wine
1578, Rosé wine
1579, Red wine
1580, Dry dessert wine
1581, Visciole
1582, Calf
1583, Vitellone
1584, Vodka
1585, Clams
1586, True clams
1587, Vov
1588, Wafers
1589, Cocoa wafers
1590, Hazelnut wafers
1591, Wasabi
1592, Whiskey
1593, Worcestershire sauce
1594, Sausage
1595, Pork sausage
1596, Veal sausage
1597, Xantana
1598, Yogurt
1599, Fruit yogurt
1600, Natural white yogurt
1601, Soy yogurt
1602, Greek yogurt
1603, Greek yogurt 0% fat
1604, Greek yogurt 2% fat
1605, Low-fat yogurt
1606, Lactose-free yogurt
1607, Saffron
1608, Saffron in pistils
1609, Zampone
1610, Ginger
1611, Fresh ginger
1612, Ginger powder
1613, Pickled ginger
1614, Ziti
1615, Pumpkin
1616, Butternut squash
1617, Candied pumpkin
1618, Delicate pumpkin
1619, Yellow pumpkin
1620, Mantuan pumpkin
1621, Neapolitan pumpkin
1622, Red pumpkin
1623, Violin pumpkin
1624, Glitter sugars
1625, Sugar
1626, Powdered sugar
1627, Gluten-free icing sugar
1628, Vanilla icing sugar
1629, Cane sugar
1630, Powdered cane sugar
1631, Raw cane sugar
1632, Whole cane sugar
1633, Muscovado sugar
1634, Courgettes
1635, Baby courgettes
1636, White courgettes
1637, Yellow courgettes
1638, Round courgettes
1639, Trumpet courgettes
1640, codettes
1641, candied ginger